
insert into Cars values(10001,'Skoda',3,'The Skoda Octavia',1,'octavia.jpg','Sedan','Octavia',3500000,'Automatic');
insert into Cars values(10002,'BMW',4,'The BMW 3Series',3,'3series.jpg','Sedan','3Series',4100000,'Automatic');
insert into Cars values(10003,'Audi',5,'Audi introduced the A4 Quick Lift in India on November 4, 2019',6,'A4.jpg','Sedan','A4',4000000,'Automatic');
insert into Cars values(10004,'Mercedes-Benz',4,'The Mercedes-Benz A-Class in India is the German luxury car manufacturer’s cheapest offering',6,'A-Class.jpg','Hatchback','A-Class',2500000,'Automatic');




insert into Colors values(1,10001,'Red');
insert into Colors values(2,10001,'Silver');
insert into Colors values(3,10001,'Black');
insert into Colors values(4,10002,'Alpine White');
insert into Colors values(5,10002,'Mineral Grey Metallic');
insert into Colors values(6,10002,'Black Sapphire Metallic');
insert into Colors values(7,10002,'Mediterranean Blue Metallic');
insert into Colors values(8,10003,'Navvara Blue Metallic');
insert into Colors values(9,10003,'Myth Black Metallic');
insert into Colors values(10,10003,'Matador Red');
insert into Colors values(11,10003,'Manhattan Grey Metallic');
insert into Colors values(12,10003,'Ibis White');
insert into Colors values(13,10004,'Polar Silver');
insert into Colors values(14,10004,'Jupiter Red');
insert into Colors values(15,10004,'Cirrus White');
insert into Colors values(16,10004,'Elbait Green');



insert into Engine_Type values(1,10001,'Petrol','241.6bhp','370Nm');
insert into Engine_Type values(2,10002,'330i Sport Petrol','255 bhp','400 Nm');
insert into Engine_Type values(3,10002,'320d Luxury Diesel','188 bhp','400 Nm');
insert into Engine_Type values(4,10002,'330i M Sport Petrol','255 bhp','400 Nm');
insert into Engine_Type values(5,10003,'35 TDI Premium Plus Diesel','187.74bhp','400Nm');
insert into Engine_Type values(6,10003,'35 TDI Technology Diesel','187.74bhp','400Nm');
insert into Engine_Type values(7,10003,'30 TFSI Premium Plus Petrol','147.51bhp','250Nm');
insert into Engine_Type values(8,10003,'35 QL TFSI Premium Plus Petrol','147.51bhp','250Nm');
insert into Engine_Type values(9,10003,'30 TFSI Technology Petrol','147.51bhp','250Nm');
insert into Engine_Type values(10,10003,'35 QL TFSI Technology Petrol','147.51bhp','250Nm');
insert into Engine_Type values(11,10004,'A200 CDI Diesel','107.3bhp','250Nm');
insert into Engine_Type values(12,10004,'A200 D Sport Diesel','134.1bhp','300Nm');
insert into Engine_Type values(13,10004,'A200 D Sport Edition Diesel','136bhp','300Nm');
insert into Engine_Type values(14,10004,'A200 CDI Sport Diesel','136bhp','300Nm');
insert into Engine_Type values(15,10004,'A180 Sport Petrol','120.6bhp','200Nm');
insert into Engine_Type values(16,10004,'A180 Sport Edition Petrol','122bhp','200Nm');


insert into Dealers values(1,'Erode','BMW','ja.jpg',11.3044,77.6309,'Jagathiesh Auto','9500332672');
insert into Dealers values(2,'Erode','Skoda','ja.jpg',11.3044,77.6309,'Jagathiesh Auto','9500332672');
insert into Dealers values(3,'Erode','Audi','ja.jpg',11.3044,77.6309,'Jagathiesh Auto','9500332672');
insert into Dealers values(4,'Erode','Mercedes-Benz','ja.jpg',11.3044,77.6309,'Jagathiesh Auto','9500332672');
insert into Dealers values(5,'Port Blair','BMW','ja.jpg',11.62339973449707,92.72650146484375,'Jagathiesh Auto','9500332672');


insert into Usedcars values(10001,'BMW','Alpine White','3seriesalpinewhite.jpg',11.62339973449707,92.72650146484375,'Port Blair','Sedan','3Series','P.Prithve Kumar','9500332672',2000000,'330i Sport Petrol');
insert into Usedcars values(10002,'BMW','Mineral Grey Metallic','3seriesmineralgreymetallic.jpg',11.62339973449707,92.72650146484375,'Port Blair','Sedan','3Series','K.Palaniswamy','9443055189',2000000,'320d Luxury Diesel');
insert into Usedcars values(10003,'BMW','Alpine White','3seriesalpinewhite.jpg',11.3044,77.6309,'Erode','Sedan','3Series','P.Prithve Kumar','9500332672',2000000,'330i Sport Petrol');




insert into Updates values(1,'Jeep India has just announced the expansion of its used car business','Jeep expands pre-owned car business in India');
insert into Updates values(2,'The newest version of the performance-oriented E-class','2021 Mercedes-AMG E63 facelift revealed');
insert into Updates values(3,'Lexus has officially revealed its 2021 IS sedan, which features','2021 Lexus IS revealed');
